id,name,gclass,cls,dualOf,ammo,ammoFactor,ammoSpawn,fireMode,damage,pellets,explosion,shrapnel,headshotMult,obstacleDamage,fireDelay,burst,rpm,mag,magExt,reloadTime,reloadType,fullReload,switchDelay,deployGroup,shotSpread,moveSpread,fsa,bulletSpeed,range,falloff,speedEquip,speedAttack,speedCarry,heldSpeed,firingSpeed,mobilityCost,burstDps,sustainedDps,magDamage,killsPerMag,aimK,F,Fdel,band,perfA0,perfA1,perfA2,expA0,expA1,expA2,avgA0,avgA1,avgA2,begA0,begA1,begA2,composite,compositeExpert,statTier,tier,currentTier,currentF,mainMap
mp5,MP5,smg,smg,,9mm,1,90,auto,11,1,0,,2,1,0.09,,666.667,30,40,2,full,2,0.75,,3,4,,85,100,0.8,0,0,0,12,6,0,122.222,70.213,330,1.85,1.008,0.632,0.628,5-20,0.703,0.985,1.256,0.936,1.269,1.594,1.087,1.51,2.008,1.345,2.019,2.728,-0.174,-0.176,B,B,B,0.6,true
mac10,MAC-10,smg,smg,,9mm,1,96,auto,9.25,1,0,,2,1,0.045,,1333.333,32,50,1.8,full,1.8,0.75,,10,11,,75,50,0.6,0,0,0,12,6,0,205.556,91.358,296,1.212,1.049,0.725,0.711,5-20,0.439,0.626,0.799,0.938,1.541,2.144,1.099,1.799,2.44,1.359,2.168,2.898,-0.323,-0.34,C+,C+,C+,0.7,true
ump9,UMP9,smg,smg,,9mm,1,90,burst,14.5,1,0,,2,1,0.3,3x0.06,428.571,30,40,1.9,full,1.9,0.75,,1.5,3,,100,100,0.75,0,0,0,12,6,0,103.571,71.311,435,2.543,0.968,0.652,0.672,5-20,0.754,1.07,1.397,0.927,1.276,1.638,1.099,1.514,1.94,1.36,1.9,2.493,-0.083,-0.083,B,B,B,0.62,true
vector,Vector,smg,smg,,9mm,1,99,auto,7.5,1,0,,2,1,0.038,,1578.947,33,40,1.6,full,1.6,0.75,,2.5,4.5,,88,46,0.6,0,0,0,12,6,0,197.368,86.72,247.5,1.285,1.056,0.504,0.486,5-20,0.462,0.667,0.843,0.649,0.942,1.371,0.797,1.37,1.908,1.172,1.937,2.541,-0.21,-0.188,B,B,A-,0.54,true
vector45,Vector,smg,smg,,45acp,0.85,75,auto,9.5,1,0,,2,1,0.044,,1363.636,25,32,1.6,full,1.6,0.75,,4.5,6.5,,82,45,0.6,0,0,0,12,6,0,215.909,87.963,237.5,1.165,1.05,0.573,0.559,5-20,0.42,0.601,0.77,0.675,1.1,1.626,0.88,1.476,2.034,1.243,1.967,2.669,-0.287,-0.274,B-,B-,B+,0.55,false
scorpion,CZ-3A1,smg,smg,,9mm,1,90,auto,10.75,1,0,,2,1,0.055,,1090.909,30,40,2.2,full,2.2,0.75,,4,5,,90,120,0.77,0,0,0,12,6,0,195.455,83.766,322.5,1.846,1.04,0.626,0.606,5-20,0.429,0.618,0.784,0.593,0.812,1.02,0.677,0.962,1.346,0.837,1.34,1.937,0.066,0.069,A-,A-,A-,0.57,true
vss,VSS,dmr,dmr,,9mm,1,60,single,24,1,0,,1.5,1,0.16,,375,20,30,2.3,full,2.3,0.75,,2,3,,110,125,0.85,0,0,0,12,6,0,150,87.273,480,1.124,0.953,0.4,0.412,20-50,0.563,0.845,1.081,1.583,2.3,3.019,2.463,3.74,4.877,3.723,5.589,7.186,0.155,0.171,A,B+,B,0.29,true
famas,FAMAS,assault,rifle,,556mm,1,75,burst,17,1,0,,2,1,0.35,3x0.05,400,25,35,2.3,full,2.3,0.75,,1.1,2,,110,150,0.8,0,0,0,12,6,0,113.333,71.429,425,1.69,0.961,0.435,0.45,10-35,0.594,0.933,1.222,1.12,1.565,2.029,1.619,2.319,3.14,2.409,3.475,4.62,0.034,0.047,A-,A-,A-,0.38,true
hk416,M416,assault,rifle,,556mm,1,90,auto,11,1,0,,2,1,0.075,,800,30,40,2.3,full,2.3,0.75,,4,8,,105,175,0.85,0,0,0,12,6,0,146.667,72.527,330,1.105,1.022,0.509,0.502,10-35,0.586,0.824,1.042,1.357,2.091,2.837,1.94,3.001,3.948,2.776,4.161,5.412,-0.181,-0.179,B,B,B,0.47,true
m4a1,M4A1-S,assault,rifle,,556mm,1,90,auto,14,1,0,,2,1,0.082,,731.707,30,40,3.1,full,3.1,0.75,,2,4,,98,165,0.82,0,0,0,12,6,0,170.732,75.54,420,1.556,1.015,0.416,0.41,10-35,0.498,0.709,0.894,0.977,1.328,1.757,1.354,2.078,2.911,2.077,3.239,4.36,0.087,0.101,A-,A-,A,0.37,true
mk12,Mk 12 SPR,dmr,dmr,,556mm,1,60,single,23,1,0,,1.5,1,0.18,,333.333,20,30,2.4,full,2.4,0.75,,1,3,,132,400,0.9,0,0,0,12,6,0,127.778,76.667,460,1.175,0.939,0.355,0.371,20-50,0.633,0.963,1.257,1.515,2.191,2.921,2.492,3.82,5.115,3.877,5.901,7.764,0.142,0.177,A,B+,B+,0.28,true
l86,L86A2,dmr,dmr,,556mm,1,90,single,25,1,0,,1.5,1,0.19,,315.789,30,40,2.9,full,2.9,0.75,,1,3.5,,134,425,0.9,0,0,0,12,6,0,131.579,87.209,750,1.913,0.933,0.396,0.421,20-50,0.669,0.916,1.191,1.581,2.029,2.536,2.402,3.166,4.12,3.565,4.82,6.333,0.275,0.291,A,A,B+,0.35,true
m249,M249,lmg,lmg,,556mm,1,200,auto,14,1,0,,2,1.75,0.08,,750,100,150,6.7,full,6.7,0.75,,1.5,6,,125,220,0.9,0,-4,0,12,4,2,175,95.238,1400,5.374,1.017,0.573,0.568,10-35,0.486,0.689,0.855,0.877,1.17,1.414,1.157,1.551,1.88,1.531,2.059,2.506,0.341,0.334,A+,S,S,0.5,true
qbb97,QBB-97,lmg,lmg,,556mm,1,150,auto,14,1,0,,2,1.5,0.1,,600,75,95,3.9,full,3.9,0.75,,4,0.5,,118,200,0.9,0,-2,0,12,5,1,140,92.105,1050,4.014,1,0.558,0.558,10-35,0.607,0.861,1.069,1.071,1.435,1.739,1.43,1.924,2.338,1.902,2.571,3.162,0.205,0.199,A,A,A+,0.49,true
scout_elite,Scout Elite,sniper,sniper,,556mm,1,20,single,56,1,0,,1.5,1,1,,60,5,10,2.6,full,2.6,1,,1,1,,164,450,0.92,0,5,0,12,8.5,0,56,36.842,280,0.946,0.632,0.314,0.397,20-50,1,1.723,2.597,2.123,3.385,5.097,3.609,5.587,8.136,5.68,8.52,12.065,-0.078,-0.057,B+,B+,B,0.26,true
ak47,AK-47,assault,rifle,,762mm,1,90,auto,13.5,1,0,,2,1,0.1,,600,30,40,2.5,full,2.5,0.75,,2.5,7.5,,100,200,0.9,0,0,0,12,6,0,135,73.636,405,1.464,1,0.483,0.483,10-35,0.607,0.868,1.126,1.256,1.755,2.389,1.692,2.541,3.503,2.408,3.632,4.893,-0.058,-0.059,B+,B,B,0.45,true
scar,SCAR-H,assault,rifle,,762mm,1,80,auto,15,1,0,,2,1,0.09,,666.667,20,30,2.7,full,2.7,0.75,,2,5,,108,175,0.85,0,0,0,12,6,0,166.667,66.667,300,1.132,1.008,0.396,0.394,10-35,0.468,0.703,0.914,0.961,1.536,2.296,1.518,2.568,3.62,2.398,3.899,5.312,-0.022,0.008,B+,B+,A,0.35,true
scarssr,SCAR-SSR,dmr,dmr,,308sub,0.85,40,single,81,1,0,,1.25,1.5,0.3,,200,10,20,2.7,full,2.7,0.75,,1.5,5.5,,108,200,0.85,0,0,0,12,6,0,270,142.105,810,1.837,0.866,0.406,0.444,20-50,0.289,0.3,0.517,1.251,1.265,1.839,1.871,1.888,2.805,2.826,2.85,4.224,0.676,0.677,S,S,A,0.28,true
an94,AN-94,assault,rifle,,762mm,1,90,burst,20,1,0,,2,1,0.24,2x0.025,452.83,45,60,2.35,full,2.35,0.75,,1.5,4,,120,300,0.94,0,0,0,12,6,0,150.943,109.689,900,3.445,0.974,0.528,0.536,10-35,0.515,0.742,0.919,0.952,1.252,1.517,1.298,1.7,2.075,1.771,2.335,2.913,0.35,0.348,A+,A+,A,0.36,false
groza,Groza,assault,rifle,,762mm,1,90,auto,12.5,1,0,,2,1,0.078,,769.231,30,40,2.8,full,2.8,0.75,,5,9,,104,175,0.85,0,0,0,12,6,0,160.256,72.957,375,1.205,1.019,0.515,0.509,10-35,0.541,0.745,0.949,1.381,2.045,2.87,1.916,2.889,3.922,2.735,4.021,5.36,-0.148,-0.153,B,B,B,0.49,true
grozas,Groza-S,assault,rifle,,762mm,1,90,auto,13,1,0,,2,1,0.078,,769.231,30,40,2.8,full,2.8,0.75,,3.5,7.5,,106,185,0.87,0,0,0,12,6,0,166.667,75.875,390,1.367,1.019,0.464,0.458,10-35,0.473,0.715,0.91,1.035,1.608,2.226,1.409,2.412,3.273,2.076,3.511,4.664,0.005,0.008,A-,A-,A-,0.45,true
dp28,DP-28,lmg,lmg,,762mm,1,120,auto,14,1,0,,2,1.5,0.115,,521.739,60,80,3.3,full,3.3,0.75,,2,9,,110,225,0.9,0,-2,0,12,5,1,121.739,82.353,840,3.056,0.988,0.596,0.601,10-35,0.698,0.983,1.229,1.353,1.816,2.215,1.712,2.306,2.83,2.206,3.024,3.823,0.047,0.026,A-,A-,A-,0.54,true
bar,BAR M1918,lmg,lmg,,762mm,1,80,auto,17.5,1,0,,2,1.75,0.12,,500,20,40,2.7,full,2.7,0.75,,2,8,,114,275,0.9,0,-1.5,0,12,5.25,0.75,145.833,68.627,350,1.277,0.984,0.443,0.448,10-35,0.52,0.814,1.033,1.059,1.702,2.304,1.507,2.596,3.459,2.252,3.8,4.974,-0.025,-0.016,B+,B+,A-,0.45,true
pkp,PKP Pecheneg,lmg,lmg,,762mm,1,200,auto,18,1,0,,2,2,0.1,,600,200,250,5,full,5,0.75,,2.5,7.5,,120,200,0.9,0,-5,0,12,3.5,2.5,180,144,3600,13.446,1,0.601,0.601,10-35,0.433,0.634,0.837,0.879,1.192,1.508,1.129,1.537,1.948,1.455,1.985,2.52,0.505,0.49,S,S,S,0.53,true
model94,Model 94,sniper,sniper,,45acp,0.85,64,single,44,1,0,,1.5,1,0.7,,85.714,8,8,0.5,per 1,4,1,,1.5,3,,156,175,0.75,0,0,0,12,6,0,62.857,36.667,352,1.018,0.707,0.331,0.417,20-50,1.206,1.83,2.453,2.561,3.664,4.875,3.999,5.772,7.731,6.106,8.794,11.703,-0.246,-0.238,B-,B-,B,0.32,false
mkg45,Mk45G,dmr,dmr,,45acp,0.85,52,single,29,1,0,,1.75,1,0.17,,352.941,13,26,2.1,full,2.1,0.75,,3.5,7.5,0.2,126,145,0.75,0,0,0,12,6,0,170.588,87.471,377,0.895,0.926,0.373,0.403,20-50,0.444,0.736,0.89,1.267,1.997,2.466,2.422,3.976,4.844,2.987,4.956,6.024,0.163,0.224,A,B+,B+,0.35,false
blr,BLR 81,sniper,sniper,,762mm,1,30,single,56,1,0,,1.5,1,0.8,,75,3,5,1.7,full,1.7,1,,1.5,3,,160,400,0.9,0,0,0,12,6,0,70,40.976,168,0.523,0.679,0.361,0.444,20-50,0.8,1.378,3.126,2.408,3.904,5.917,3.957,6.06,8.659,5.969,8.796,12.24,-0.237,-0.224,B,B,A-,0.3,false
mosin,Mosin-Nagant,sniper,sniper,,762mm,1,20,single,72,1,0,,1.25,1.5,1.75,,34.286,5,5,0.9,per 1,3,1,,1,3,,178,500,0.95,0,0,0,12,6,0,41.143,30.638,360,1.043,0.516,0.335,0.491,20-50,1.75,3.014,3.461,3.414,5.44,6.155,5.032,7.808,8.788,7.348,11.089,12.409,-0.323,-0.343,C+,A,A,0.34,true
sv98,SV-98,sniper,sniper,,762mm,1,30,single,80,1,0,,1.25,1.5,1.5,,40,10,15,2.7,full,2.7,1,,1,2.5,,182,520,0.96,0,0,0,12,6,0,53.333,45.198,800,2.782,0.548,0.324,0.474,20-50,1.5,1.5,2.584,2.794,2.794,4.295,4.098,4.098,6.129,5.894,5.894,8.675,0.132,0.118,A,A,A+,0.28,true
awc,AWM-S,sniper,sniper,,308sub,0.85,20,single,180,1,0,,1,1.5,1.5,,40,5,7,3.6,full,3.6,1,,0.5,4,,136,300,0.94,0,0,0,12,6,0,120,81.081,900,2.58,0.548,0.263,0.388,20-50,0,0,1.5,1.11,1.11,3.719,1.781,1.781,5.28,2.862,2.862,7.716,0.745,0.771,S-aim,S-aim,S-aim,0.14,true
m39,M39 EMR,dmr,dmr,,762mm,1,60,single,28,1,0,,1.5,1,0.23,,260.87,20,30,2.5,full,2.5,0.75,,1,4.25,,125,400,0.9,0,0,0,12,6,0,121.739,78.873,560,1.402,0.907,0.386,0.417,20-50,0.676,0.997,1.231,1.702,2.352,2.865,2.603,3.751,4.652,3.887,5.633,6.949,0.174,0.188,A,B+,B+,0.3,true
svd,SVD-63,dmr,dmr,,762mm,1,60,single,37,1,0,,1.5,1,0.25,,240,10,20,2.5,full,2.5,0.75,,1,4.5,,127,425,0.9,0,0,0,12,6,0,148,74,370,0.972,0.894,0.356,0.385,20-50,0.494,0.735,1,1.494,2.161,3.083,2.526,3.678,5.11,3.921,5.611,7.63,0.204,0.236,A,A,A,0.3,true
garand,M1 Garand,dmr,dmr,,762mm,1,40,single,44,1,0,,1.44,1,0.23,,260.87,8,8,2.1,full,2.1,0.75,,0.4,4,0.36,144,444,0.94,0,0,0,12,6,0,191.304,89.34,352,0.911,0.835,0.323,0.367,20-50,0.396,0.601,0.809,1.228,1.805,2.493,2.245,3.285,4.431,3.409,4.915,6.488,0.335,0.384,S-aim,S-aim,A,0.26,true
m870,M870,shotgun,shotgun,,12gauge,1,10,single,12.5,9,0,,1.5,1,0.9,,66.667,5,10,0.75,per 1,3.75,0.9,1,10,2,,66,27,0.3,0,0,0,12,6,0,125,68.182,562.5,2.377,0.655,0.884,0.946,5-10,0.104,0.899,0.9,0.571,1.022,1.314,0.588,1.044,1.343,0.617,1.081,1.393,-0.057,-0.059,B+,B+,A-,0.75,true
m1100,M1100,shotgun,shotgun,,12gauge,1,12,single,4,18,0,,1.5,1,0.3,,200,4,8,0.7,per 1,2.8,0.9,,25,2,,66,25,0.25,0,0,0,12,6,0,240,72,288,1.149,0.866,0.871,0.902,5-10,0.3,0.494,0.601,0.512,0.843,1.312,0.522,0.875,1.365,0.542,0.935,1.459,-0.233,-0.239,B,B,C,0.92,true
mp220,MP220,shotgun,shotgun,,12gauge,1,10,single,12.5,9,0,,1.5,1,0.2,,300,2,2,2.7,full,2.7,0.3,,10,2,,66,27,0.3,0,0,0,12,6,0,562.5,72.581,225,0.92,0.926,0.58,0.607,5-10,0.042,0.2,0.2,0.207,0.591,1.624,0.255,0.746,1.765,0.366,0.974,1.969,-0.004,0.031,B+,B+,A-,0.44,true
saiga,Saiga-12,shotgun,shotgun,,12gauge,1,20,auto,12.5,9,0,,1.5,1,0.4,,150,5,8,2.5,full,2.5,0.75,,10,2,,66,27,0.3,0,0,0,12,6,0,281.25,125,562.5,2.411,0.816,0.911,0.939,5-10,0.023,0.399,0.4,0.222,0.461,0.568,0.232,0.471,0.585,0.247,0.491,0.612,0.348,0.362,A+,A+,A,0.75,true
spas12,SPAS-12,shotgun,shotgun,,12gauge,1,18,single,8.75,9,0,,1.5,1,0.75,,80,9,12,0.55,per 1,4.95,0.75,1,4,3,,88,45,0.85,0,0,0,12,6,0,105,60.577,708.75,4.431,0.693,0.834,0.926,5-10,0.749,0.75,1.439,0.791,0.797,1.482,0.793,0.815,1.488,0.809,0.861,1.514,0.096,0.084,A-,A-,A,0.68,true
m1014,M1014,shotgun,shotgun,,12gauge,1,16,single,77,1,0,,1.25,1,0.4,,150,8,10,0.52,per 1,4.16,0.75,,4,4,0.5,118,60,0.85,0,0,0,12,6,0,192.5,83.696,616,3.972,0.775,0.897,0.943,5-10,0.4,0.4,0.791,0.428,0.428,0.82,0.434,0.434,0.827,0.454,0.454,0.858,0.443,0.45,S,S,A-,0.6,false
usas,USAS-12,shotgun,shotgun,,12gauge,1,30,auto,12,1,42,9x5,1,1,0.5,,120,10,20,2.9,full,2.9,0.75,,7,6,,72,24,0.3,0,-1,0,12,5.5,0.5,108,68.354,540,3.724,0.775,0.987,0.993,5-10,0.5,0.839,1.009,0.54,0.88,1.05,0.54,0.882,1.053,0.54,0.886,1.06,0.05,0.039,A-,A-,A+,0.6,true
m9,M9,pistol,pistol,,9mm,1,45,single,13,1,0,,2,1,0.12,,500,15,30,1.6,full,1.6,0.25,,3,5,,85,100,0.7,0,0,0,12,6,0,108.333,57.353,195,1.043,0.984,0.576,0.581,5-20,0.754,1.132,1.437,1.077,1.721,2.447,1.39,2.257,3.057,1.867,2.96,3.923,-0.419,-0.411,C+,D,D,0.66,true
m9_dual,Dual M9,pistol,pistol,m9,9mm,1,90,single,13,1,0,,2,1,0.08,,750,30,60,3.1,full,3.1,0.25,,4,3.5,,85,100,0.7,0,0,0,12,6,0,162.5,70.909,390,1.854,1.017,0.633,0.624,5-20,0.503,0.755,0.958,0.823,1.162,1.471,0.946,1.381,1.895,1.173,1.862,2.668,-0.123,-0.123,B,B,C+,0.62,true
m93r,M93R,pistol,pistol,,9mm,1,60,burst,12,1,0,,2,1,0.28,3x0.04,500,20,30,1.8,full,1.8,0.25,,4,4,,85,100,0.7,0,0,0,12,6,0,100,59.406,240,1.301,0.984,0.574,0.579,5-20,0.746,1.131,1.452,1.041,1.577,2.15,1.262,2.052,2.783,1.673,2.723,3.583,-0.359,-0.354,C+,C+,C,0.56,true
m93r_dual,Dual M93R,pistol,pistol,m93r,9mm,1,120,burst,12,1,0,,2,1,0.18,3x0.04,692.308,40,60,3.3,full,3.3,0.25,,7,6,,85,100,0.7,0,0,0,12,6,0,138.462,71.429,480,2.162,1.011,0.724,0.719,5-20,0.551,0.828,1.069,0.995,1.414,1.787,1.115,1.601,2.093,1.305,1.965,2.699,-0.206,-0.223,B,B,C+,0.56,true
glock,G18C,pistol,pistol,,9mm,1,51,auto,9,1,0,,2,1,0.06,,1000,17,31,1.95,full,1.95,0.25,,12,10,,70,44,0.5,0,0,0,12,6,0,150,51.515,153,0.559,1.035,0.799,0.789,5-20,0.625,1.309,2.909,2.406,3.84,5.319,2.716,4.245,5.782,3.211,4.869,6.575,-1,-1.028,D,D,D,0.7,true
glock_dual,Dual G18C,pistol,pistol,glock,9mm,1,102,auto,9,1,0,,2,1,0.03,,2000,34,62,3.8,full,3.8,0.25,,18,16,,70,44,0.5,0,0,0,12,6,0,300,63.485,306,0.829,1.064,0.86,0.844,5-20,0.313,0.451,0.571,2.084,3.611,5.023,2.245,3.846,5.33,2.534,4.277,5.873,-0.823,-0.857,D,D,C,0.72,true
p30l,P30L,pistol,pistol,,9mm,1,45,single,21,1,0,,2,1,0.14,,428.571,15,30,1.2,full,1.2,0.25,,2,1,,94,100,0.75,1,1,0,13,7,0,150,95.455,315,1.774,0.968,0.588,0.603,5-20,0.485,0.764,0.988,0.649,0.966,1.219,0.77,1.192,1.542,0.979,1.6,2.073,0.134,0.142,A,B,B+,0.58,true
p30l_dual,Dual P30L,pistol,pistol,p30l,9mm,1,90,single,21,1,0,,2,1,0.09,,666.667,30,60,2.65,full,2.65,0.3,,3,2,,94,100,0.75,0,0,0,12,6,0,233.333,117.757,630,3.087,1.008,0.714,0.711,5-20,0.312,0.491,0.635,0.524,0.761,0.943,0.606,0.883,1.095,0.721,1.072,1.355,0.32,0.322,A,A-,A,0.55,true
ot38,OT-38,pistol,pistol,,762mm,1,20,single,26,1,0,,2,1,0.4,,150,5,5,2,full,2,0.3,,1.25,3,,112,125,0.75,0,0,0,12,6,0,65,32.5,130,0.772,0.816,0.592,0.664,5-20,1.037,2.62,3.959,1.313,3.084,4.383,1.768,3.702,5.154,2.456,4.643,6.361,-0.696,-0.693,D,D,D,0.58,true
ot38_dual,Dual OT-38,pistol,pistol,ot38,762mm,1,40,single,26,1,0,,2,1,0.2,,300,10,10,3.8,full,3.8,0.3,,1.75,4,,112,125,0.75,0,0,0,12,6,0,130,44.828,260,1.301,0.926,0.46,0.487,5-20,0.518,0.866,1.144,0.803,1.404,2.331,1.027,1.989,3.214,1.468,2.881,4.324,-0.261,-0.234,B-,B-,B-,0.46,true
ots38,OTs-38,pistol,pistol,,762mm,1,20,single,32,1,0,,2,1,0.36,,166.667,5,5,2,full,2,0.3,,1.2,2.4,,115,135,0.77,0,0,0,12,6,0,88.889,42.105,160,0.922,0.835,0.48,0.527,5-20,0.933,1.246,2.447,1.179,1.711,2.866,1.631,2.361,3.479,2.322,3.244,4.422,-0.41,-0.389,C+,C+,C+,0.5,false
ots38_dual,Dual OTs-38,pistol,pistol,ots38,762mm,1,40,single,32,1,0,,2,1,0.18,,333.333,10,10,3.8,full,3.8,0.3,,1.4,2.8,,115,135,0.77,0,0,0,12,6,0,177.778,57.143,320,1.566,0.939,0.449,0.475,5-20,0.466,0.623,0.78,0.711,0.94,1.23,0.926,1.311,1.82,1.361,1.979,2.714,0.004,0.041,B+,B+,A-,0.47,true
colt45,Peacemaker,pistol,pistol,,45acp,0.85,48,auto,29,1,0,,1.5,1,0.12,,500,6,6,3,full,3,0.3,,16,3,0.35,106,110,0.7,0,0,0,12,6,0,241.667,46.774,174,0.919,0.84,0.453,0.445,5-20,0.343,0.507,1.773,1.045,1.943,3.406,1.706,2.928,4.377,2.725,4.365,5.91,-0.474,-0.43,C,C,C,0.55,true
colt45_dual,Dual Peacemaker,pistol,pistol,colt45,45acp,0.85,96,auto,29,1,0,,1.5,1,0.13,,461.538,12,12,5.1,full,5.1,0.3,,16,3,0.35,106,110,0.7,0,0,0,12,6,0,223.077,52.252,348,1.561,0.84,0.484,0.579,5-20,0.372,0.549,0.696,1.074,1.606,2.1,1.3,2.056,2.814,1.636,2.771,3.85,-0.279,-0.265,B-,B-,C+,0.5,true
m1911,M1911,pistol,pistol,,45acp,0.85,28,single,16,1,0,,2,1,0.13,,461.538,7,12,2.1,full,2.1,0.25,,2,3,,80,88,0.7,0,0,0,12,6,0,123.077,37.209,112,0.599,0.976,0.633,0.643,5-20,0.676,2.71,3.328,1.561,3.219,4.078,2.183,3.901,4.95,3.04,5.003,6.323,-0.855,-0.845,D,D,D,0.65,false
m1911_dual,Dual M1911,pistol,pistol,m1911,45acp,0.85,56,single,16,1,0,,2,1,0.085,,705.882,14,24,3.6,full,3.6,0.25,,4,3.5,,80,88,0.7,0,0,0,12,6,0,188.235,46.764,224,1.037,1.013,0.533,0.529,5-20,0.442,0.644,0.812,0.884,1.821,2.809,1.261,2.536,3.598,1.888,3.44,4.646,-0.476,-0.452,C,C,C,0.6,false
m1a1,M1A1,smg,smg,,45acp,0.85,90,auto,13,1,0,,2,1,0.095,,631.579,30,50,2.8,full,2.8,0.75,,6,6,,80,88,0.8,0,0,0,12,6,0,136.842,69.027,390,2.015,1.004,0.669,0.667,5-20,0.577,0.879,1.119,0.869,1.264,1.6,0.983,1.472,1.969,1.172,1.896,2.628,-0.189,-0.201,B,B,B,0.62,false
deagle,DEagle 50,pistol,pistol,,50AE,0.85,56,single,35,1,0,,2,1,0.16,,375,7,9,2.3,full,2.3,0.3,,2.5,6,0.5,115,120,0.75,0,0,0,12,6,0,218.75,71.637,245,1.198,0.775,0.419,0.435,5-20,0.276,0.537,0.686,0.431,0.861,1.22,0.587,1.317,1.828,0.893,1.98,2.643,0.064,0.1,A-,B,B,0.47,true
deagle_dual,Dual DEagle 50,pistol,pistol,deagle,50AE,0.85,98,single,35,1,0,,2,1,0.12,,500,14,18,4,full,4,0.3,,3.5,7.5,0.5,115,120,0.75,0,0,0,12,6,0,291.667,86.268,490,2.105,0.775,0.562,0.571,5-20,0.207,0.403,0.515,0.396,0.673,0.849,0.461,0.837,1.112,0.582,1.179,1.62,0.281,0.294,A,A-,B+,0.47,true
potato_cannon,Potato Cannon,special,launcher,,potato_ammo,1,0,single,0,1,95,,1,1,1.2,,50,4,4,1,per 1,4,0.9,3,1,2,,65,45.908,1,-3,0,0,9,4.5,3,79.167,43.182,380,0.934,0.594,0.583,0.751,15-40,1.2,1.2,1.2,4.671,4.671,4.671,5.307,5.307,5.307,6.217,6.217,6.217,-0.591,-0.67,C,C,B,0.6,false
potato_smg,Spud Gun,special,smg,,potato_ammo,1,0,auto,0,1,13,,2,1,0.09,,666.667,30,40,2,full,2,0.75,,3,4,,85,60.033,1,0,0,0,12,6,0,144.444,82.979,390,1.924,1.008,0.676,0.671,5-20,0.63,0.99,1.26,0.823,1.232,1.539,0.943,1.422,1.855,1.133,1.834,2.521,-0.141,-0.148,B,B,A-,0.56,false
imbel,IMD-2,lmg,lmg,,556mm,1,120,auto,12,1,0,,2,1.3,0.092,,652.174,40,50,2.1,full,2.1,0.75,,3,5,,92,200,0.9,0,-1,0,12,5.5,0.5,130.435,83.045,480,1.818,1.007,0.534,0.532,10-35,0.638,0.899,1.163,1.262,1.694,2.17,1.606,2.268,3.041,2.172,3.184,4.256,-0.01,-0.025,B+,B+,A-,0.5,false
spas16,SPAS-16,shotgun,shotgun,,12gauge,1,18,auto,8.75,9,0,,1.5,1,0.35,,171.429,6,8,2.9,full,2.9,0.75,1,5.5,1.5,,88,45,0.85,0,-1,0,12,5.5,0.5,225,94.5,472.5,2.955,0.84,0.883,0.921,5-10,0.349,0.35,0.672,0.382,0.384,0.704,0.383,0.393,0.707,0.391,0.417,0.72,0.387,0.394,S,S,A,0.66,true
barrett,Barrett M107,sniper,sniper,,50AE,0.85,30,single,99,1,0,,1.25,3,0.925,,64.865,10,12,3.75,full,3.75,1,,1,4,,214,400,0.975,-1,-4,0,11,3.5,3,107.027,76.154,990,2.541,0.649,0.313,0.416,20-50,0.786,0.925,0.925,1.669,1.868,1.868,2.666,2.951,2.951,4.078,4.49,4.49,0.379,0.39,S-aim,S-aim,S-aim,0.16,true
sw500,S&W 500,pistol,pistol,,50AE,0.85,35,single,64,1,0,,1.5,1,0.65,,92.308,5,5,2.7,full,2.7,0.3,,1,3.5,,150,160,0.92,0.5,0,0,12.5,6.25,0,98.462,53.782,320,1.626,0.722,0.466,0.622,5-20,0.65,1.12,1.285,0.751,1.239,1.412,0.892,1.48,1.688,1.193,1.993,2.275,0.015,0.018,A-,B,B+,0.45,false
ash12,ASh-12,assault,rifle,,50AE,0.85,70,auto,31,1,0,,2,1,0.1,,600,10,20,3.1,full,3.1,0.75,,3.5,3.5,0.35,85,70,0.875,-1,0,0,11,5.5,1,310,75.61,310,1.056,0.84,0.412,0.412,10-35,0.259,0.346,0.471,0.998,1.411,2.257,1.605,2.254,3.402,2.507,3.422,4.919,0.016,0.037,A-,A-,A+,0.42,false
potato_lmg,PMG-134,special,lmg,,potato_ammo,1,0,auto,0,2,8.5,,1.5,1,0.07,,857.143,150,250,5.8,full,5.8,0.75,,8,4,,96,67.802,1,-1,-6,-2,9,1.5,6,242.857,156.442,2550,7.939,1.026,0.71,0.701,10-35,0.35,0.56,0.7,0.894,1.222,1.537,1.043,1.43,1.809,1.268,1.743,2.216,0.204,0.163,A,A,A,0.55,false
svd_winter,SVD-63,dmr,dmr,,762mm,1,60,single,37,1,0,,1.5,1,0.25,,240,10,20,2.5,full,2.5,0.75,,1,4.5,,127,425,0.9,0,0,0,12,6,0,148,74,370,0.972,0.894,0.356,0.385,20-50,0.494,0.735,1,1.494,2.161,3.083,2.526,3.678,5.11,3.921,5.611,7.63,0.204,0.236,A,A,A,0.3,false
sv98_winter,SV-98,sniper,sniper,,762mm,1,30,single,80,1,0,,1.25,1.5,1.5,,40,10,15,2.7,full,2.7,1,,1,2.5,,182,520,0.96,0,0,0,12,6,0,53.333,45.198,800,2.782,0.548,0.324,0.474,20-50,1.5,1.5,2.584,2.794,2.794,4.295,4.098,4.098,6.129,5.894,5.894,8.675,0.132,0.118,A,A,A+,0.28,false
awc_winter,AWM-S,sniper,sniper,,308sub,0.85,20,single,180,1,0,,1,1.5,1.5,,40,5,7,3.6,full,3.6,1,,0.5,4,,136,300,0.94,0,0,0,12,6,0,120,81.081,900,2.58,0.548,0.263,0.388,20-50,0,0,1.5,1.11,1.11,3.719,1.781,1.781,5.28,2.862,2.862,7.716,0.745,0.771,S-aim,S-aim,S-aim,0.14,false
ak74,AK-74,assault,rifle,,556mm,1,90,auto,12,1,0,,2,1,0.09,,666.667,30,40,2.3,full,2.3,0.75,,2,5.5,,107,200,0.9,0,0,0,12,6,0,133.333,72,360,1.378,1.008,0.451,0.448,10-35,0.625,0.879,1.138,1.175,1.644,2.244,1.649,2.503,3.439,2.455,3.67,4.93,-0.057,-0.048,B+,B+,B,0.45,true
g36c,G36C,assault,rifle,,556mm,1,90,auto,11,1,0,,2,1,0.08,,750,30,40,2.1,full,2.1,0.75,,3,5,,100,150,0.8,0,0,0,12,6,0,137.5,73.333,330,1.162,1.017,0.467,0.462,10-35,0.625,0.89,1.129,1.277,1.897,2.607,1.837,2.863,3.778,2.71,4.103,5.35,-0.151,-0.143,B,B,B,0.47,true
m16a4,M16A4,assault,rifle,,556mm,1,90,burst,17,1,0,,2,1,0.3,3x0.075,400,30,40,2.5,full,2.5,0.75,,1.1,2.4,,112,250,0.92,0,0,0,12,6,0,113.333,72.857,510,2.046,0.961,0.47,0.486,10-35,0.549,0.96,1.236,1.022,1.564,1.93,1.415,2.209,2.823,1.967,3.221,4.17,0.094,0.099,A-,A-,A-,0.4,true
sig550,SIG SG 550,assault,rifle,,556mm,1,90,auto,13,1,0,,2,1,0.086,,697.674,30,40,2.7,full,2.7,0.75,,1.5,6,,108,220,0.9,0,-0.5,0,12,5.75,0.25,151.163,73.864,390,1.496,1.012,0.425,0.421,10-35,0.522,0.776,0.991,0.997,1.432,1.903,1.369,2.221,3.042,2.08,3.399,4.514,0.04,0.052,A-,A-,B+,0.42,true
g3,G3,assault,rifle,,762mm,1,80,auto,17,1,0,,2,1,0.115,,521.739,20,30,2.8,full,2.8,0.75,,2,7,,110,225,0.9,0,-1,0,12,5.5,0.5,147.826,66.667,340,1.254,0.988,0.429,0.432,10-35,0.498,0.798,0.998,1.023,1.67,2.253,1.474,2.603,3.45,2.23,3.861,5.009,-0.024,-0.012,B+,B+,B+,0.42,true
honeybadger,Honey Badger,assault,rifle,,556mm,1,90,auto,13,1,0,,2,1,0.08,,750,30,40,2.3,full,2.3,0.75,,2.5,4.5,,92,120,0.75,0,0,0,12,6,0,162.5,82.979,390,1.359,1.017,0.456,0.45,10-35,0.52,0.755,0.96,1.115,1.561,2.116,1.579,2.375,3.211,2.337,3.467,4.582,-0.004,0.004,B+,B+,A-,0.45,true
fal,FN FAL,dmr,dmr,,762mm,1,60,single,26,1,0,,1.5,1,0.18,,333.333,20,30,2.6,full,2.6,0.75,,1.5,5,,118,280,0.9,0,0,0,12,6,0,144.444,83.871,520,1.274,0.939,0.398,0.412,20-50,0.529,0.815,1.097,1.506,2.21,2.973,2.29,3.544,4.813,3.474,5.358,7.177,0.205,0.219,A,A,B+,0.32,true
mk14,Mk 14 EBR,dmr,dmr,,762mm,1,60,auto,25,1,0,,1.5,1,0.16,,375,20,30,2.9,full,2.9,0.75,,1.5,7,,120,350,0.9,0,-1.5,0,12,5.25,0.75,156.25,81.967,500,1.164,0.953,0.401,0.411,20-50,0.563,0.772,1.003,1.71,2.311,3.122,2.677,3.733,5.011,4.068,5.617,7.397,0.132,0.149,A-,B+,A,0.3,true
wa2000,WA2000,sniper,sniper,,50AE,0.85,25,single,72,1,0,,1.25,1.5,1.1,,54.545,5,6,3.3,full,3.3,1,,0.75,3,,185,450,0.95,-0.5,-2,0,11.5,4.75,1.5,65.455,40.909,360,0.96,0.612,0.306,0.4,20-50,1.1,1.895,2.175,2.32,3.751,4.256,3.927,6.158,6.946,6.195,9.388,10.515,-0.184,-0.164,B,B,A+,0.24,true
tec9,TEC-9,pistol,pistol,,9mm,1,96,single,12,1,0,,2,1,0.11,,545.455,32,36,2.2,full,2.2,0.3,,5,6,,80,90,0.65,0,0,0,12,6,0,109.091,67.133,384,1.971,0.992,0.671,0.675,5-20,0.763,1.122,1.435,1.108,1.569,1.99,1.265,1.824,2.41,1.525,2.325,3.141,-0.279,-0.292,B-,B-,C+,0.62,true
tec9_dual,Dual TEC-9,pistol,pistol,tec9,9mm,1,192,single,12,1,0,,2,1,0.07,,857.143,64,72,4.2,full,4.2,0.3,,7,5,,80,90,0.65,0,0,0,12,6,0,171.429,88.479,768,3.449,1.026,0.781,0.773,5-20,0.486,0.714,0.913,0.862,1.204,1.496,0.96,1.344,1.671,1.109,1.557,1.95,-0.018,-0.036,B+,B+,B-,0.58,true
vz61,Škorpion vz. 61,pistol,pistol,,9mm,1,60,auto,9,1,0,,2,1,0.075,,800,20,30,1.6,full,1.6,0.25,,6,5,,72,55,0.55,0,0,0,12,6,0,120,58.065,180,0.852,1.022,0.662,0.654,5-20,0.749,1.081,1.89,1.35,2.252,3.11,1.726,2.717,3.71,2.222,3.443,4.566,-0.646,-0.651,C,C,C+,0.62,true
vz61_dual,Dual Škorpion vz. 61,pistol,pistol,vz61,9mm,1,120,auto,9,1,0,,2,1,0.04,,1500,40,60,3.3,full,3.3,0.25,,9,8,,72,55,0.55,0,0,0,12,6,0,225,73.469,360,1.407,1.054,0.629,0.61,5-20,0.399,0.576,0.738,0.839,1.432,2.226,0.969,1.8,2.678,1.258,2.349,3.3,-0.339,-0.349,C+,C+,B-,0.58,true
bizon,PP-19 Bizon,smg,smg,,9mm,1,128,auto,10,1,0,,2,1,0.09,,666.667,64,80,3,full,3,0.75,,3.5,4.5,,78,90,0.75,0,0,0,12,6,0,111.111,73.059,640,3.518,1.008,0.731,0.728,5-20,0.781,1.092,1.401,1.066,1.44,1.812,1.228,1.661,2.092,1.46,1.977,2.501,-0.149,-0.161,B,B,B,0.6,true
m1928,Thompson M1928,smg,smg,,45acp,0.85,150,auto,13,1,0,,2,1,0.087,,689.655,50,100,3.6,full,3.6,0.75,,4.5,5.5,,82,95,0.8,-0.5,0,0,11.5,5.75,0.5,149.425,81.761,650,3.492,1.011,0.737,0.733,5-20,0.528,0.804,1.025,0.766,1.105,1.376,0.874,1.264,1.574,1.039,1.509,1.896,-0.014,-0.025,B+,B+,B,0.6,false
asval,AS Val,smg,smg,,9mm,1,80,auto,13.5,1,0,,2,1,0.08,,750,20,30,2.3,full,2.3,0.75,,3,5.5,,85,90,0.65,0,0,0,12,6,0,168.75,69.231,270,1.46,1.017,0.516,0.51,5-20,0.486,0.72,0.923,0.687,1.008,1.417,0.816,1.38,1.985,1.107,1.978,2.69,-0.101,-0.088,B,B,B+,0.55,true
p90,P90,smg,smg,,57mm,0.85,150,auto,10,1,0,,2,1,0.06,,1000,50,60,2.9,full,2.9,0.75,,4,4,,100,110,0.75,0,0,0,12,6,0,166.667,84.746,500,2.793,1.035,0.709,0.697,5-20,0.521,0.726,0.931,0.704,0.943,1.182,0.824,1.105,1.389,0.997,1.353,1.793,0.009,0.011,A-,A-,A-,0.55,true
dp12,DP-12,shotgun,shotgun,,12gauge,1,28,single,12.5,9,0,,1.5,1,0.2,pump 2/0.7,133.333,14,16,1.2,per 2,8.4,0.9,1,10,3,,66,27,0.3,0,0,0,12,6,0,250,107.143,1575,6.517,0.795,0.765,0.828,5-10,0.042,0.2,0.2,0.188,0.332,0.577,0.198,0.358,0.606,0.22,0.401,0.649,0.487,0.506,S,S,A,0.66,true
aa12,AA-12,shotgun,shotgun,,12gauge,1,24,auto,64,1,0,,1.25,1,0.3,,200,8,10,3.2,full,3.2,0.75,,5,5,,115,60,0.8,-0.5,-0.5,0,11.5,5.5,0.75,213.333,91.429,512,2.911,0.866,0.923,0.948,5-10,0.3,0.517,0.6,0.327,0.544,0.627,0.332,0.551,0.635,0.349,0.573,0.66,0.356,0.36,A+,A+,A+,0.6,true
m79,M79,launcher,launcher,,40mm,0.85,10,single,0,1,125,12x20,1,1,0.3,,200,1,1,2.3,full,2.3,0.9,3,1,2,,40,52,1,0,0,0,12,6,0,416.667,48.077,125,0.344,0.866,0.715,0.761,15-40,0,0.001,0.069,5.047,5.05,5.235,5.572,5.575,5.774,6.636,6.639,6.866,-0.534,-0.613,C,C,B,0.6,true
mgl,Milkor MGL,launcher,launcher,,40mm,0.85,12,single,0,1,125,12x20,1,1,0.7,,85.714,6,6,1,per 1,6,1,3,1.5,2.5,,40,52,1,0,0,0,12,6,0,178.571,73.529,750,2.094,0.707,0.697,0.813,15-40,0,0,0.019,2.025,2.026,2.098,2.202,2.204,2.283,2.491,2.492,2.583,0.291,0.211,A,A,A-,0.6,true
gl06,GL-06,launcher,launcher,,40mm,0.85,10,single,10,1,100,6x20,1,1,0.3,,200,1,1,2,full,2,0.6,3,1,2.5,,45,60,1,0,0,0,12,6,0,366.667,47.826,110,0.59,0.866,0.849,0.879,15-40,0,0.619,1.954,0.64,2.03,2.795,0.703,2.142,2.888,0.817,2.308,3.053,0.175,0.104,A,A,B-,0.6,true
rpg7,RPG-7,launcher,launcher,,rocket,0.7,4,single,60,1,150,12x20,1,4,0.3,,200,1,1,3.5,full,3.5,1,3,1,3,,85,120,1,-2,0,0,10,5,2,700,55.263,210,0.434,0.866,0.38,0.407,15-40,0,0,0,3.25,3.25,3.25,5.249,5.249,5.249,7.988,7.988,7.988,-0.354,-0.3,C+,C+,B+,0.55,true
panzerfaust,Panzerfaust,launcher,launcher,,none (charges),1,0,single,80,1,140,4x20,1,5,0.5,,120,1,1,0,none,inf,1,3,2,4,,35,40,1,-1.5,0,0,10.5,5.25,1.5,440,440,220,0.317,0.775,0.552,0.563,15-40,0,0,0,2.266,2.749,3.371,2.807,3.645,4.541,3.664,4.878,6.087,-0.355,-0.401,C+,C+,C+,0.6,true
m202,M202 FLASH,launcher,launcher,,none (charges),1,0,single,25,4,125,,1,2,0.5,,120,1,1,0,none,inf,1.1,3,0,0,,55,75,1,-2.5,0,0,9.5,4.75,2.5,1200,1200,600,0.426,0.775,0.461,0.509,15-40,0,0,1.876,1.667,2.056,3.8,2.279,3.021,5.255,2.993,4.04,7.12,-0.245,-0.265,B,B,B-,0.6,true
m200,M200 Intervention,sniper,sniper,,762mm,1,21,single,115,1,0,,1.25,2,1.6,,37.5,7,9,3.5,full,3.5,1,,0.5,4,,214,550,0.97,-1,-2,0,11,4.5,2,71.875,54.762,805,2.17,0.535,0.295,0.439,20-50,0,1.36,1.6,0.702,2.558,2.885,1.357,3.859,4.301,2.334,5.83,6.447,0.49,0.524,S-aim,S-aim,S-aim,0.15,true
hecate,Hécate II,sniper,sniper,,50AE,0.85,21,single,160,1,0,,1,2.5,1.75,,34.286,7,9,4,full,4,1,,0.75,4.5,,207,500,0.975,-1,-3,0,11,4,2.5,91.429,68.923,1120,3.982,0.516,0.228,0.333,20-50,0,0,1.75,0.828,0.828,3.295,1.503,1.503,4.762,2.484,2.484,6.928,0.809,0.859,S-aim,S-aim,S-aim,0.13,true
lynx,Lynx,sniper,sniper,,50AE,0.85,20,single,118,1,0,,1.25,4,1.2,,50,5,6,4.2,full,4.2,1,,1.25,4.5,,214,400,0.975,-0.5,-4,0,11.5,3.75,2.5,98.333,57.843,590,1.396,0.594,0.286,0.393,20-50,0,1.02,1.2,0.74,2.434,2.732,1.44,3.997,4.448,2.466,6.19,6.847,0.379,0.421,S-aim,S-aim,S-aim,0.16,true
boys,Boys AT Rifle,sniper,sniper,,none (charges),1,0,single,96,1,0,,1.25,4,1.5,,40,7,7,0,none,inf,1,,1.5,5,,165,350,0.95,-1.5,-3,0,10.5,3.75,3,64,64,672,1.884,0.548,0.412,0.515,20-50,1.275,1.5,1.5,3.063,3.465,3.512,4.136,4.753,4.915,5.702,6.723,7.167,0.093,0.065,A-,A-,A,0.2,true
m60,M60,lmg,lmg,,762mm,1,200,auto,16,1,0,,2,1.75,0.11,,545.455,100,150,6.5,full,6.5,0.75,,2.5,8,,124,225,0.9,0,-4,0,12,4,2,145.455,91.429,1600,6.091,0.992,0.599,0.602,10-35,0.572,0.789,1.042,1.093,1.43,1.825,1.403,1.839,2.35,1.811,2.376,3.04,0.259,0.242,A,A,A,0.5,true
mg42,MG 42,lmg,lmg,,762mm,1,150,auto,11,1,0,,2,1.5,0.062,,967.742,50,75,4,full,4,0.75,,3.5,9,,108,200,0.9,-0.5,-5,0,11.5,3.25,3,177.419,77.465,550,1.966,1.033,0.504,0.489,10-35,0.484,0.667,0.859,1.032,1.356,1.735,1.299,1.844,2.597,1.786,2.773,3.93,0.016,0.008,A-,A-,A+,0.5,true
dshk,DShK,lmg,lmg,,762mm,1,60,auto,34,1,0,,1.5,2.5,0.12,,500,30,30,7.5,full,7.5,1,,3.5,10.5,,125,300,0.92,-1,-5,-2,9,2,5.5,283.333,91.892,1020,3.179,0.984,0.556,0.563,10-35,0.237,0.422,0.532,0.614,0.924,1.11,0.766,1.182,1.464,0.988,1.64,2.138,0.323,0.31,A+,A+,S,0.5,true
